-- phpMyAdmin SQL Dump
-- version 5.2.1
-- https://www.phpmyadmin.net/
--
-- Host: localhost
-- Generation Time: Nov 18, 2023 at 04:21 PM
-- Server version: 8.0.30
-- PHP Version: 8.1.10

SET SQL_MODE = "NO_AUTO_VALUE_ON_ZERO";
START TRANSACTION;
SET time_zone = "+00:00";


/*!40101 SET @OLD_CHARACTER_SET_CLIENT=@@CHARACTER_SET_CLIENT */;
/*!40101 SET @OLD_CHARACTER_SET_RESULTS=@@CHARACTER_SET_RESULTS */;
/*!40101 SET @OLD_COLLATION_CONNECTION=@@COLLATION_CONNECTION */;
/*!40101 SET NAMES utf8mb4 */;

--
-- Database: `ems_new`
--

-- --------------------------------------------------------

--
-- Table structure for table `bloods`
--

CREATE TABLE `bloods` (
  `id` bigint UNSIGNED NOT NULL,
  `title` varchar(255) COLLATE utf8mb4_unicode_ci DEFAULT NULL,
  `created_at` timestamp NULL DEFAULT NULL,
  `updated_at` timestamp NULL DEFAULT NULL
) ENGINE=InnoDB DEFAULT CHARSET=utf8mb4 COLLATE=utf8mb4_unicode_ci;

--
-- Dumping data for table `bloods`
--

INSERT INTO `bloods` (`id`, `title`, `created_at`, `updated_at`) VALUES
(1, 'A+', NULL, NULL),
(2, 'A-', NULL, NULL),
(3, 'B+', NULL, NULL),
(4, 'B-', NULL, NULL),
(5, 'O+', NULL, NULL),
(6, 'O-', NULL, NULL),
(7, 'AB+', NULL, NULL),
(8, 'AB-', NULL, NULL);

-- --------------------------------------------------------

--
-- Table structure for table `country`
--

CREATE TABLE `country` (
  `countrycode` char(3) NOT NULL,
  `countryname` varchar(200) NOT NULL,
  `code` char(2) DEFAULT NULL
) ENGINE=InnoDB DEFAULT CHARSET=utf8mb3;

--
-- Dumping data for table `country`
--

INSERT INTO `country` (`countrycode`, `countryname`, `code`) VALUES
('ABW', 'Aruba', 'AW'),
('AFG', 'Afghanistan', 'AF'),
('AGO', 'Angola', 'AO'),
('AIA', 'Anguilla', 'AI'),
('ALA', 'Åland', 'AX'),
('ALB', 'Albania', 'AL'),
('AND', 'Andorra', 'AD'),
('ARE', 'United Arab Emirates', 'AE'),
('ARG', 'Argentina', 'AR'),
('ARM', 'Armenia', 'AM'),
('ASM', 'American Samoa', 'AS'),
('ATA', 'Antarctica', 'AQ'),
('ATF', 'French Southern Territories', 'TF'),
('ATG', 'Antigua and Barbuda', 'AG'),
('AUS', 'Australia', 'AU'),
('AUT', 'Austria', 'AT'),
('AZE', 'Azerbaijan', 'AZ'),
('BDI', 'Burundi', 'BI'),
('BEL', 'Belgium', 'BE'),
('BEN', 'Benin', 'BJ'),
('BES', 'Bonaire', 'BQ'),
('BFA', 'Burkina Faso', 'BF'),
('BGD', 'Bangladesh', 'BD'),
('BGR', 'Bulgaria', 'BG'),
('BHR', 'Bahrain', 'BH'),
('BHS', 'Bahamas', 'BS'),
('BIH', 'Bosnia and Herzegovina', 'BA'),
('BLM', 'Saint Barthélemy', 'BL'),
('BLR', 'Belarus', 'BY'),
('BLZ', 'Belize', 'BZ'),
('BMU', 'Bermuda', 'BM'),
('BOL', 'Bolivia', 'BO'),
('BRA', 'Brazil', 'BR'),
('BRB', 'Barbados', 'BB'),
('BRN', 'Brunei', 'BN'),
('BTN', 'Bhutan', 'BT'),
('BVT', 'Bouvet Island', 'BV'),
('BWA', 'Botswana', 'BW'),
('CAF', 'Central African Republic', 'CF'),
('CAN', 'Canada', 'CA'),
('CCK', 'Cocos [Keeling] Islands', 'CC'),
('CHE', 'Switzerland', 'CH'),
('CHL', 'Chile', 'CL'),
('CHN', 'China', 'CN'),
('CIV', 'Ivory Coast', 'CI'),
('CMR', 'Cameroon', 'CM'),
('COD', 'Democratic Republic of the Congo', 'CD'),
('COG', 'Republic of the Congo', 'CG'),
('COK', 'Cook Islands', 'CK'),
('COL', 'Colombia', 'CO'),
('COM', 'Comoros', 'KM'),
('CPV', 'Cape Verde', 'CV'),
('CRI', 'Costa Rica', 'CR'),
('CUB', 'Cuba', 'CU'),
('CUW', 'Curacao', 'CW'),
('CXR', 'Christmas Island', 'CX'),
('CYM', 'Cayman Islands', 'KY'),
('CYP', 'Cyprus', 'CY'),
('CZE', 'Czech Republic', 'CZ'),
('DEU', 'Germany', 'DE'),
('DJI', 'Djibouti', 'DJ'),
('DMA', 'Dominica', 'DM'),
('DNK', 'Denmark', 'DK'),
('DOM', 'Dominican Republic', 'DO'),
('DZA', 'Algeria', 'DZ'),
('ECU', 'Ecuador', 'EC'),
('EGY', 'Egypt', 'EG'),
('ERI', 'Eritrea', 'ER'),
('ESH', 'Western Sahara', 'EH'),
('ESP', 'Spain', 'ES'),
('EST', 'Estonia', 'EE'),
('ETH', 'Ethiopia', 'ET'),
('FIN', 'Finland', 'FI'),
('FJI', 'Fiji', 'FJ'),
('FLK', 'Falkland Islands', 'FK'),
('FRA', 'France', 'FR'),
('FRO', 'Faroe Islands', 'FO'),
('FSM', 'Micronesia', 'FM'),
('GAB', 'Gabon', 'GA'),
('GBR', 'United Kingdom', 'GB'),
('GEO', 'Georgia', 'GE'),
('GGY', 'Guernsey', 'GG'),
('GHA', 'Ghana', 'GH'),
('GIB', 'Gibraltar', 'GI'),
('GIN', 'Guinea', 'GN'),
('GLP', 'Guadeloupe', 'GP'),
('GMB', 'Gambia', 'GM'),
('GNB', 'Guinea-Bissau', 'GW'),
('GNQ', 'Equatorial Guinea', 'GQ'),
('GRC', 'Greece', 'GR'),
('GRD', 'Grenada', 'GD'),
('GRL', 'Greenland', 'GL'),
('GTM', 'Guatemala', 'GT'),
('GUF', 'French Guiana', 'GF'),
('GUM', 'Guam', 'GU'),
('GUY', 'Guyana', 'GY'),
('HKG', 'Hong Kong', 'HK'),
('HMD', 'Heard Island and McDonald Islands', 'HM'),
('HND', 'Honduras', 'HN'),
('HRV', 'Croatia', 'HR'),
('HTI', 'Haiti', 'HT'),
('HUN', 'Hungary', 'HU'),
('IDN', 'Indonesia', 'ID'),
('IMN', 'Isle of Man', 'IM'),
('IND', 'India', 'IN'),
('IOT', 'British Indian Ocean Territory', 'IO'),
('IRL', 'Ireland', 'IE'),
('IRN', 'Iran', 'IR'),
('IRQ', 'Iraq', 'IQ'),
('ISL', 'Iceland', 'IS'),
('ISR', 'Israel', 'IL'),
('ITA', 'Italy', 'IT'),
('JAM', 'Jamaica', 'JM'),
('JEY', 'Jersey', 'JE'),
('JOR', 'Jordan', 'JO'),
('JPN', 'Japan', 'JP'),
('KAZ', 'Kazakhstan', 'KZ'),
('KEN', 'Kenya', 'KE'),
('KGZ', 'Kyrgyzstan', 'KG'),
('KHM', 'Cambodia', 'KH'),
('KIR', 'Kiribati', 'KI'),
('KNA', 'Saint Kitts and Nevis', 'KN'),
('KOR', 'South Korea', 'KR'),
('KWT', 'Kuwait', 'KW'),
('LAO', 'Laos', 'LA'),
('LBN', 'Lebanon', 'LB'),
('LBR', 'Liberia', 'LR'),
('LBY', 'Libya', 'LY'),
('LCA', 'Saint Lucia', 'LC'),
('LIE', 'Liechtenstein', 'LI'),
('LKA', 'Sri Lanka', 'LK'),
('LSO', 'Lesotho', 'LS'),
('LTU', 'Lithuania', 'LT'),
('LUX', 'Luxembourg', 'LU'),
('LVA', 'Latvia', 'LV'),
('MAC', 'Macao', 'MO'),
('MAF', 'Saint Martin', 'MF'),
('MAR', 'Morocco', 'MA'),
('MCO', 'Monaco', 'MC'),
('MDA', 'Moldova', 'MD'),
('MDG', 'Madagascar', 'MG'),
('MDV', 'Maldives', 'MV'),
('MEX', 'Mexico', 'MX'),
('MHL', 'Marshall Islands', 'MH'),
('MKD', 'Macedonia', 'MK'),
('MLI', 'Mali', 'ML'),
('MLT', 'Malta', 'MT'),
('MMR', 'Myanmar [Burma]', 'MM'),
('MNE', 'Montenegro', 'ME'),
('MNG', 'Mongolia', 'MN'),
('MNP', 'Northern Mariana Islands', 'MP'),
('MOZ', 'Mozambique', 'MZ'),
('MRT', 'Mauritania', 'MR'),
('MSR', 'Montserrat', 'MS'),
('MTQ', 'Martinique', 'MQ'),
('MUS', 'Mauritius', 'MU'),
('MWI', 'Malawi', 'MW'),
('MYS', 'Malaysia', 'MY'),
('MYT', 'Mayotte', 'YT'),
('NAM', 'Namibia', 'NA'),
('NCL', 'New Caledonia', 'NC'),
('NER', 'Niger', 'NE'),
('NFK', 'Norfolk Island', 'NF'),
('NGA', 'Nigeria', 'NG'),
('NIC', 'Nicaragua', 'NI'),
('NIU', 'Niue', 'NU'),
('NLD', 'Netherlands', 'NL'),
('NOR', 'Norway', 'NO'),
('NPL', 'Nepal', 'NP'),
('NRU', 'Nauru', 'NR'),
('NZL', 'New Zealand', 'NZ'),
('OMN', 'Oman', 'OM'),
('PAK', 'Pakistan', 'PK'),
('PAN', 'Panama', 'PA'),
('PCN', 'Pitcairn Islands', 'PN'),
('PER', 'Peru', 'PE'),
('PHL', 'Philippines', 'PH'),
('PLW', 'Palau', 'PW'),
('PNG', 'Papua New Guinea', 'PG'),
('POL', 'Poland', 'PL'),
('PRI', 'Puerto Rico', 'PR'),
('PRK', 'North Korea', 'KP'),
('PRT', 'Portugal', 'PT'),
('PRY', 'Paraguay', 'PY'),
('PSE', 'Palestine', 'PS'),
('PYF', 'French Polynesia', 'PF'),
('QAT', 'Qatar', 'QA'),
('REU', 'Réunion', 'RE'),
('ROU', 'Romania', 'RO'),
('RUS', 'Russia', 'RU'),
('RWA', 'Rwanda', 'RW'),
('SAU', 'Saudi Arabia', 'SA'),
('SDN', 'Sudan', 'SD'),
('SEN', 'Senegal', 'SN'),
('SGP', 'Singapore', 'SG'),
('SGS', 'South Georgia and the South Sandwich Islands', 'GS'),
('SHN', 'Saint Helena', 'SH'),
('SJM', 'Svalbard and Jan Mayen', 'SJ'),
('SLB', 'Solomon Islands', 'SB'),
('SLE', 'Sierra Leone', 'SL'),
('SLV', 'El Salvador', 'SV'),
('SMR', 'San Marino', 'SM'),
('SOM', 'Somalia', 'SO'),
('SPM', 'Saint Pierre and Miquelon', 'PM'),
('SRB', 'Serbia', 'RS'),
('SSD', 'South Sudan', 'SS'),
('STP', 'São Tomé and Príncipe', 'ST'),
('SUR', 'Suriname', 'SR'),
('SVK', 'Slovakia', 'SK'),
('SVN', 'Slovenia', 'SI'),
('SWE', 'Sweden', 'SE'),
('SWZ', 'Swaziland', 'SZ'),
('SXM', 'Sint Maarten', 'SX'),
('SYC', 'Seychelles', 'SC'),
('SYR', 'Syria', 'SY'),
('TCA', 'Turks and Caicos Islands', 'TC'),
('TCD', 'Chad', 'TD'),
('TGO', 'Togo', 'TG'),
('THA', 'Thailand', 'TH'),
('TJK', 'Tajikistan', 'TJ'),
('TKL', 'Tokelau', 'TK'),
('TKM', 'Turkmenistan', 'TM'),
('TLS', 'East Timor', 'TL'),
('TON', 'Tonga', 'TO'),
('TTO', 'Trinidad and Tobago', 'TT'),
('TUN', 'Tunisia', 'TN'),
('TUR', 'Turkey', 'TR'),
('TUV', 'Tuvalu', 'TV'),
('TWN', 'Taiwan', 'TW'),
('TZA', 'Tanzania', 'TZ'),
('UGA', 'Uganda', 'UG'),
('UKR', 'Ukraine', 'UA'),
('UMI', 'U.S. Minor Outlying Islands', 'UM'),
('URY', 'Uruguay', 'UY'),
('USA', 'United States', 'US'),
('UZB', 'Uzbekistan', 'UZ'),
('VAT', 'Vatican City', 'VA'),
('VCT', 'Saint Vincent and the Grenadines', 'VC'),
('VEN', 'Venezuela', 'VE'),
('VGB', 'British Virgin Islands', 'VG'),
('VIR', 'U.S. Virgin Islands', 'VI'),
('VNM', 'Vietnam', 'VN'),
('VUT', 'Vanuatu', 'VU'),
('WLF', 'Wallis and Futuna', 'WF'),
('WSM', 'Samoa', 'WS'),
('XKX', 'Kosovo', 'XK'),
('YEM', 'Yemen', 'YE'),
('ZAF', 'South Africa', 'ZA'),
('ZMB', 'Zambia', 'ZM'),
('ZWE', 'Zimbabwe', 'ZW');

-- --------------------------------------------------------

--
-- Table structure for table `departments`
--

CREATE TABLE `departments` (
  `id` bigint UNSIGNED NOT NULL,
  `name` varchar(255) CHARACTER SET utf8mb4 COLLATE utf8mb4_unicode_ci NOT NULL,
  `description` text CHARACTER SET utf8mb4 COLLATE utf8mb4_unicode_ci,
  `created_at` timestamp NULL DEFAULT NULL,
  `updated_at` timestamp NULL DEFAULT NULL
) ENGINE=InnoDB DEFAULT CHARSET=utf8mb4 COLLATE=utf8mb4_unicode_ci;

--
-- Dumping data for table `departments`
--

INSERT INTO `departments` (`id`, `name`, `description`, `created_at`, `updated_at`) VALUES
(1, 'Accounts', NULL, NULL, '2023-11-12 00:11:46'),
(2, 'Sales', NULL, '2023-11-12 00:11:36', '2023-11-12 00:11:36'),
(3, 'Administrator', NULL, '2023-11-17 00:02:41', '2023-11-17 00:02:41'),
(4, 'IT', NULL, '2023-11-17 00:02:45', '2023-11-17 00:02:45');

-- --------------------------------------------------------

--
-- Table structure for table `districts`
--

CREATE TABLE `districts` (
  `id` int NOT NULL,
  `division_id` int NOT NULL,
  `name` varchar(25) NOT NULL,
  `bn_name` varchar(25) NOT NULL,
  `lat` varchar(15) DEFAULT NULL,
  `lon` varchar(15) DEFAULT NULL,
  `url` varchar(50) NOT NULL
) ENGINE=InnoDB DEFAULT CHARSET=utf8mb4 COLLATE=utf8mb4_0900_ai_ci;

--
-- Dumping data for table `districts`
--

INSERT INTO `districts` (`id`, `division_id`, `name`, `bn_name`, `lat`, `lon`, `url`) VALUES
(1, 1, 'Comilla', 'কুমিল্লা', '23.4682747', '91.1788135', 'www.comilla.gov.bd'),
(2, 1, 'Feni', 'ফেনী', '23.023231', '91.3840844', 'www.feni.gov.bd'),
(3, 1, 'Brahmanbaria', 'ব্রাহ্মণবাড়িয়া', '23.9570904', '91.1119286', 'www.brahmanbaria.gov.bd'),
(4, 1, 'Rangamati', 'রাঙ্গামাটি', '22.65561018', '92.17541121', 'www.rangamati.gov.bd'),
(5, 1, 'Noakhali', 'নোয়াখালী', '22.869563', '91.099398', 'www.noakhali.gov.bd'),
(6, 1, 'Chandpur', 'চাঁদপুর', '23.2332585', '90.6712912', 'www.chandpur.gov.bd'),
(7, 1, 'Lakshmipur', 'লক্ষ্মীপুর', '22.942477', '90.841184', 'www.lakshmipur.gov.bd'),
(8, 1, 'Chattogram', 'চট্টগ্রাম', '22.335109', '91.834073', 'www.chittagong.gov.bd'),
(9, 1, 'Coxsbazar', 'কক্সবাজার', '21.44315751', '91.97381741', 'www.coxsbazar.gov.bd'),
(10, 1, 'Khagrachhari', 'খাগড়াছড়ি', '23.119285', '91.984663', 'www.khagrachhari.gov.bd'),
(11, 1, 'Bandarban', 'বান্দরবান', '22.1953275', '92.2183773', 'www.bandarban.gov.bd'),
(12, 2, 'Sirajganj', 'সিরাজগঞ্জ', '24.4533978', '89.7006815', 'www.sirajganj.gov.bd'),
(13, 2, 'Pabna', 'পাবনা', '23.998524', '89.233645', 'www.pabna.gov.bd'),
(14, 2, 'Bogura', 'বগুড়া', '24.8465228', '89.377755', 'www.bogra.gov.bd'),
(15, 2, 'Rajshahi', 'রাজশাহী', '24.37230298', '88.56307623', 'www.rajshahi.gov.bd'),
(16, 2, 'Natore', 'নাটোর', '24.420556', '89.000282', 'www.natore.gov.bd'),
(17, 2, 'Joypurhat', 'জয়পুরহাট', '25.09636876', '89.04004280', 'www.joypurhat.gov.bd'),
(18, 2, 'Chapainawabganj', 'চাঁপাইনবাবগঞ্জ', '24.5965034', '88.2775122', 'www.chapainawabganj.gov.bd'),
(19, 2, 'Naogaon', 'নওগাঁ', '24.83256191', '88.92485205', 'www.naogaon.gov.bd'),
(20, 3, 'Jashore', 'যশোর', '23.16643', '89.2081126', 'www.jessore.gov.bd'),
(21, 3, 'Satkhira', 'সাতক্ষীরা', '22.7180905', '89.0687033', 'www.satkhira.gov.bd'),
(22, 3, 'Meherpur', 'মেহেরপুর', '23.762213', '88.631821', 'www.meherpur.gov.bd'),
(23, 3, 'Narail', 'নড়াইল', '23.172534', '89.512672', 'www.narail.gov.bd'),
(24, 3, 'Chuadanga', 'চুয়াডাঙ্গা', '23.6401961', '88.841841', 'www.chuadanga.gov.bd'),
(25, 3, 'Kushtia', 'কুষ্টিয়া', '23.901258', '89.120482', 'www.kushtia.gov.bd'),
(26, 3, 'Magura', 'মাগুরা', '23.487337', '89.419956', 'www.magura.gov.bd'),
(27, 3, 'Khulna', 'খুলনা', '22.815774', '89.568679', 'www.khulna.gov.bd'),
(28, 3, 'Bagerhat', 'বাগেরহাট', '22.651568', '89.785938', 'www.bagerhat.gov.bd'),
(29, 3, 'Jhenaidah', 'ঝিনাইদহ', '23.5448176', '89.1539213', 'www.jhenaidah.gov.bd'),
(30, 4, 'Jhalakathi', 'ঝালকাঠি', '22.6422689', '90.2003932', 'www.jhalakathi.gov.bd'),
(31, 4, 'Patuakhali', 'পটুয়াখালী', '22.3596316', '90.3298712', 'www.patuakhali.gov.bd'),
(32, 4, 'Pirojpur', 'পিরোজপুর', '22.5781398', '89.9983909', 'www.pirojpur.gov.bd'),
(33, 4, 'Barisal', 'বরিশাল', '22.7004179', '90.3731568', 'www.barisal.gov.bd'),
(34, 4, 'Bhola', 'ভোলা', '22.685923', '90.648179', 'www.bhola.gov.bd'),
(35, 4, 'Barguna', 'বরগুনা', '22.159182', '90.125581', 'www.barguna.gov.bd'),
(36, 5, 'Sylhet', 'সিলেট', '24.8897956', '91.8697894', 'www.sylhet.gov.bd'),
(37, 5, 'Moulvibazar', 'মৌলভীবাজার', '24.482934', '91.777417', 'www.moulvibazar.gov.bd'),
(38, 5, 'Habiganj', 'হবিগঞ্জ', '24.374945', '91.41553', 'www.habiganj.gov.bd'),
(39, 5, 'Sunamganj', 'সুনামগঞ্জ', '25.0658042', '91.3950115', 'www.sunamganj.gov.bd'),
(40, 6, 'Narsingdi', 'নরসিংদী', '23.932233', '90.71541', 'www.narsingdi.gov.bd'),
(41, 6, 'Gazipur', 'গাজীপুর', '24.0022858', '90.4264283', 'www.gazipur.gov.bd'),
(42, 6, 'Shariatpur', 'শরীয়তপুর', '23.2060195', '90.3477725', 'www.shariatpur.gov.bd'),
(43, 6, 'Narayanganj', 'নারায়ণগঞ্জ', '23.63366', '90.496482', 'www.narayanganj.gov.bd'),
(44, 6, 'Tangail', 'টাঙ্গাইল', '24.264145', '89.918029', 'www.tangail.gov.bd'),
(45, 6, 'Kishoreganj', 'কিশোরগঞ্জ', '24.444937', '90.776575', 'www.kishoreganj.gov.bd'),
(46, 6, 'Manikganj', 'মানিকগঞ্জ', '23.8602262', '90.0018293', 'www.manikganj.gov.bd'),
(47, 6, 'Dhaka', 'ঢাকা', '23.7115253', '90.4111451', 'www.dhaka.gov.bd'),
(48, 6, 'Munshiganj', 'মুন্সিগঞ্জ', '23.5435742', '90.5354327', 'www.munshiganj.gov.bd'),
(49, 6, 'Rajbari', 'রাজবাড়ী', '23.7574305', '89.6444665', 'www.rajbari.gov.bd'),
(50, 6, 'Madaripur', 'মাদারীপুর', '23.164102', '90.1896805', 'www.madaripur.gov.bd'),
(51, 6, 'Gopalganj', 'গোপালগঞ্জ', '23.0050857', '89.8266059', 'www.gopalganj.gov.bd'),
(52, 6, 'Faridpur', 'ফরিদপুর', '23.6070822', '89.8429406', 'www.faridpur.gov.bd'),
(53, 7, 'Panchagarh', 'পঞ্চগড়', '26.3411', '88.5541606', 'www.panchagarh.gov.bd'),
(54, 7, 'Dinajpur', 'দিনাজপুর', '25.6217061', '88.6354504', 'www.dinajpur.gov.bd'),
(55, 7, 'Lalmonirhat', 'লালমনিরহাট', '25.9165451', '89.4532409', 'www.lalmonirhat.gov.bd'),
(56, 7, 'Nilphamari', 'নীলফামারী', '25.931794', '88.856006', 'www.nilphamari.gov.bd'),
(57, 7, 'Gaibandha', 'গাইবান্ধা', '25.328751', '89.528088', 'www.gaibandha.gov.bd'),
(58, 7, 'Thakurgaon', 'ঠাকুরগাঁও', '26.0336945', '88.4616834', 'www.thakurgaon.gov.bd'),
(59, 7, 'Rangpur', 'রংপুর', '25.7558096', '89.244462', 'www.rangpur.gov.bd'),
(60, 7, 'Kurigram', 'কুড়িগ্রাম', '25.805445', '89.636174', 'www.kurigram.gov.bd'),
(61, 8, 'Sherpur', 'শেরপুর', '25.0204933', '90.0152966', 'www.sherpur.gov.bd'),
(62, 8, 'Mymensingh', 'ময়মনসিংহ', '24.7465670', '90.4072093', 'www.mymensingh.gov.bd'),
(63, 8, 'Jamalpur', 'জামালপুর', '24.937533', '89.937775', 'www.jamalpur.gov.bd'),
(64, 8, 'Netrokona', 'নেত্রকোণা', '24.870955', '90.727887', 'www.netrokona.gov.bd');

-- --------------------------------------------------------

--
-- Table structure for table `divisions`
--

CREATE TABLE `divisions` (
  `id` int NOT NULL,
  `name` varchar(25) NOT NULL,
  `bn_name` varchar(25) NOT NULL,
  `url` varchar(50) NOT NULL
) ENGINE=InnoDB DEFAULT CHARSET=utf8mb3;

--
-- Dumping data for table `divisions`
--

INSERT INTO `divisions` (`id`, `name`, `bn_name`, `url`) VALUES
(1, 'Chattagram', 'চট্টগ্রাম', 'www.chittagongdiv.gov.bd'),
(2, 'Rajshahi', 'রাজশাহী', 'www.rajshahidiv.gov.bd'),
(3, 'Khulna', 'খুলনা', 'www.khulnadiv.gov.bd'),
(4, 'Barisal', 'বরিশাল', 'www.barisaldiv.gov.bd'),
(5, 'Sylhet', 'সিলেট', 'www.sylhetdiv.gov.bd'),
(6, 'Dhaka', 'ঢাকা', 'www.dhakadiv.gov.bd'),
(7, 'Rangpur', 'রংপুর', 'www.rangpurdiv.gov.bd'),
(8, 'Mymensingh', 'ময়মনসিংহ', 'www.mymensinghdiv.gov.bd');

-- --------------------------------------------------------

--
-- Table structure for table `failed_jobs`
--

CREATE TABLE `failed_jobs` (
  `id` bigint UNSIGNED NOT NULL,
  `uuid` varchar(255) COLLATE utf8mb4_unicode_ci NOT NULL,
  `connection` text COLLATE utf8mb4_unicode_ci NOT NULL,
  `queue` text COLLATE utf8mb4_unicode_ci NOT NULL,
  `payload` longtext COLLATE utf8mb4_unicode_ci NOT NULL,
  `exception` longtext COLLATE utf8mb4_unicode_ci NOT NULL,
  `failed_at` timestamp NOT NULL DEFAULT CURRENT_TIMESTAMP
) ENGINE=InnoDB DEFAULT CHARSET=utf8mb4 COLLATE=utf8mb4_unicode_ci;

-- --------------------------------------------------------

--
-- Table structure for table `leaves`
--

CREATE TABLE `leaves` (
  `id` bigint UNSIGNED NOT NULL,
  `user_id` int NOT NULL,
  `from` date NOT NULL,
  `to` date NOT NULL,
  `type` varchar(255) COLLATE utf8mb4_unicode_ci NOT NULL,
  `description` varchar(255) COLLATE utf8mb4_unicode_ci NOT NULL,
  `status` int NOT NULL DEFAULT '0',
  `message` text COLLATE utf8mb4_unicode_ci NOT NULL,
  `created_at` timestamp NULL DEFAULT NULL,
  `updated_at` timestamp NULL DEFAULT NULL
) ENGINE=InnoDB DEFAULT CHARSET=utf8mb4 COLLATE=utf8mb4_unicode_ci;

--
-- Dumping data for table `leaves`
--

INSERT INTO `leaves` (`id`, `user_id`, `from`, `to`, `type`, `description`, `status`, `message`, `created_at`, `updated_at`) VALUES
(1, 1, '2023-11-17', '2023-11-30', 'annual_leave', 'gfthfytvchxtdr', 1, 'fgdgf', '2023-11-17 00:21:49', '2023-11-17 00:22:20');

-- --------------------------------------------------------

--
-- Table structure for table `maritals`
--

CREATE TABLE `maritals` (
  `id` bigint UNSIGNED NOT NULL,
  `name` varchar(255) COLLATE utf8mb4_unicode_ci DEFAULT NULL,
  `created_at` timestamp NULL DEFAULT NULL,
  `updated_at` timestamp NULL DEFAULT NULL
) ENGINE=InnoDB DEFAULT CHARSET=utf8mb4 COLLATE=utf8mb4_unicode_ci;

--
-- Dumping data for table `maritals`
--

INSERT INTO `maritals` (`id`, `name`, `created_at`, `updated_at`) VALUES
(1, 'Single', NULL, NULL),
(2, 'Married', NULL, NULL),
(3, 'Widowed', NULL, NULL),
(4, 'Separated', NULL, NULL),
(5, 'Divorced', NULL, NULL);

-- --------------------------------------------------------

--
-- Table structure for table `migrations`
--

CREATE TABLE `migrations` (
  `id` int UNSIGNED NOT NULL,
  `migration` varchar(255) COLLATE utf8mb4_unicode_ci NOT NULL,
  `batch` int NOT NULL
) ENGINE=InnoDB DEFAULT CHARSET=utf8mb4 COLLATE=utf8mb4_unicode_ci;

--
-- Dumping data for table `migrations`
--

INSERT INTO `migrations` (`id`, `migration`, `batch`) VALUES
(1, '2014_10_12_000000_create_users_table', 1),
(2, '2014_10_12_100000_create_password_reset_tokens_table', 1),
(3, '2014_10_12_100000_create_password_resets_table', 1),
(4, '2019_08_19_000000_create_failed_jobs_table', 1),
(5, '2019_12_14_000001_create_personal_access_tokens_table', 1),
(6, '2023_10_13_185800_create_roles_table', 1),
(7, '2023_10_13_185823_create_permissions_table', 1),
(8, '2023_10_13_185839_create_departments_table', 1),
(9, '2023_10_13_185858_create_leaves_table', 1),
(10, '2023_10_13_185945_create_notices_table', 1),
(11, '2023_11_18_161153_create_bloods_table', 2),
(12, '2023_11_18_161310_create_maritals_table', 2),
(13, '2023_11_18_161413_create_religions_table', 2);

-- --------------------------------------------------------

--
-- Table structure for table `notices`
--

CREATE TABLE `notices` (
  `id` bigint UNSIGNED NOT NULL,
  `title` varchar(255) COLLATE utf8mb4_unicode_ci NOT NULL,
  `description` text COLLATE utf8mb4_unicode_ci NOT NULL,
  `date` date NOT NULL,
  `name` varchar(255) COLLATE utf8mb4_unicode_ci NOT NULL,
  `created_at` timestamp NULL DEFAULT NULL,
  `updated_at` timestamp NULL DEFAULT NULL
) ENGINE=InnoDB DEFAULT CHARSET=utf8mb4 COLLATE=utf8mb4_unicode_ci;

--
-- Dumping data for table `notices`
--

INSERT INTO `notices` (`id`, `title`, `description`, `date`, `name`, `created_at`, `updated_at`) VALUES
(1, 'drgdf', 'gdfgdfg', '2023-11-17', 'Saiful Islam', '2023-11-17 00:22:39', '2023-11-17 00:22:39');

-- --------------------------------------------------------

--
-- Table structure for table `password_resets`
--

CREATE TABLE `password_resets` (
  `email` varchar(255) COLLATE utf8mb4_unicode_ci NOT NULL,
  `token` varchar(255) COLLATE utf8mb4_unicode_ci NOT NULL,
  `created_at` timestamp NULL DEFAULT NULL
) ENGINE=InnoDB DEFAULT CHARSET=utf8mb4 COLLATE=utf8mb4_unicode_ci;

-- --------------------------------------------------------

--
-- Table structure for table `password_reset_tokens`
--

CREATE TABLE `password_reset_tokens` (
  `email` varchar(255) COLLATE utf8mb4_unicode_ci NOT NULL,
  `token` varchar(255) COLLATE utf8mb4_unicode_ci NOT NULL,
  `created_at` timestamp NULL DEFAULT NULL
) ENGINE=InnoDB DEFAULT CHARSET=utf8mb4 COLLATE=utf8mb4_unicode_ci;

-- --------------------------------------------------------

--
-- Table structure for table `permissions`
--

CREATE TABLE `permissions` (
  `id` bigint UNSIGNED NOT NULL,
  `role_id` bigint UNSIGNED NOT NULL,
  `name` text CHARACTER SET utf8mb4 COLLATE utf8mb4_unicode_ci NOT NULL,
  `created_at` timestamp NULL DEFAULT NULL,
  `updated_at` timestamp NULL DEFAULT NULL
) ENGINE=InnoDB DEFAULT CHARSET=utf8mb4 COLLATE=utf8mb4_unicode_ci;

--
-- Dumping data for table `permissions`
--

INSERT INTO `permissions` (`id`, `role_id`, `name`, `created_at`, `updated_at`) VALUES
(1, 1, '{\"department\":{\"can-view\":\"1\"},\"role\":{\"can-view\":\"1\"},\"permission\":{\"can-view\":\"1\"},\"user\":{\"can-view\":\"1\"},\"notice\":{\"can-view\":\"1\"}}', NULL, '2023-11-12 00:12:21'),
(2, 2, '{\"department\":{\"can-add\":\"1\",\"can-edit\":\"1\",\"can-view\":\"1\",\"can-delete\":\"1\",\"can-list\":\"1\"},\"role\":{\"can-add\":\"1\",\"can-edit\":\"1\",\"can-view\":\"1\",\"can-delete\":\"1\",\"can-list\":\"1\"},\"permission\":{\"can-add\":\"1\",\"can-edit\":\"1\",\"can-view\":\"1\",\"can-delete\":\"1\",\"can-list\":\"1\"},\"user\":{\"can-add\":\"1\",\"can-edit\":\"1\",\"can-view\":\"1\",\"can-delete\":\"1\",\"can-list\":\"1\"},\"notice\":{\"can-add\":\"1\",\"can-edit\":\"1\",\"can-view\":\"1\",\"can-delete\":\"1\",\"can-list\":\"1\"},\"leave\":{\"can-list\":\"1\"}}', '2023-11-12 00:05:57', '2023-11-12 00:05:57'),
(3, 3, '{\"user\":{\"can-view\":\"1\"},\"notice\":{\"can-view\":\"1\"}}', '2023-11-12 00:13:03', '2023-11-12 00:13:03');

-- --------------------------------------------------------

--
-- Table structure for table `personal_access_tokens`
--

CREATE TABLE `personal_access_tokens` (
  `id` bigint UNSIGNED NOT NULL,
  `tokenable_type` varchar(255) COLLATE utf8mb4_unicode_ci NOT NULL,
  `tokenable_id` bigint UNSIGNED NOT NULL,
  `name` varchar(255) COLLATE utf8mb4_unicode_ci NOT NULL,
  `token` varchar(64) COLLATE utf8mb4_unicode_ci NOT NULL,
  `abilities` text COLLATE utf8mb4_unicode_ci,
  `last_used_at` timestamp NULL DEFAULT NULL,
  `expires_at` timestamp NULL DEFAULT NULL,
  `created_at` timestamp NULL DEFAULT NULL,
  `updated_at` timestamp NULL DEFAULT NULL
) ENGINE=InnoDB DEFAULT CHARSET=utf8mb4 COLLATE=utf8mb4_unicode_ci;

-- --------------------------------------------------------

--
-- Table structure for table `religions`
--

CREATE TABLE `religions` (
  `id` bigint UNSIGNED NOT NULL,
  `title` varchar(255) COLLATE utf8mb4_unicode_ci DEFAULT NULL,
  `created_at` timestamp NULL DEFAULT NULL,
  `updated_at` timestamp NULL DEFAULT NULL
) ENGINE=InnoDB DEFAULT CHARSET=utf8mb4 COLLATE=utf8mb4_unicode_ci;

--
-- Dumping data for table `religions`
--

INSERT INTO `religions` (`id`, `title`, `created_at`, `updated_at`) VALUES
(1, 'Islam', NULL, NULL),
(2, 'Hinduism', NULL, NULL),
(3, 'No religion', NULL, NULL),
(4, 'Buddhism', NULL, NULL),
(5, 'Chinese folk religion', NULL, NULL),
(6, 'Christianity', NULL, NULL),
(7, 'Ethnic religions', NULL, NULL);

-- --------------------------------------------------------

--
-- Table structure for table `roles`
--

CREATE TABLE `roles` (
  `id` bigint UNSIGNED NOT NULL,
  `name` varchar(255) CHARACTER SET utf8mb4 COLLATE utf8mb4_unicode_ci NOT NULL,
  `description` varchar(255) CHARACTER SET utf8mb4 COLLATE utf8mb4_unicode_ci DEFAULT NULL,
  `created_at` timestamp NULL DEFAULT NULL,
  `updated_at` timestamp NULL DEFAULT NULL
) ENGINE=InnoDB DEFAULT CHARSET=utf8mb4 COLLATE=utf8mb4_unicode_ci;

--
-- Dumping data for table `roles`
--

INSERT INTO `roles` (`id`, `name`, `description`, `created_at`, `updated_at`) VALUES
(1, 'Administrator', 'Access Some function', NULL, '2023-11-17 00:03:53'),
(2, 'Super Admin', 'All functions accessible', '2023-11-12 00:04:36', '2023-11-12 00:11:09'),
(3, 'Employee', 'Just view', '2023-11-12 00:10:27', '2023-11-12 00:11:18'),
(4, 'IT', 'Full access', '2023-11-17 00:04:11', '2023-11-17 00:04:11');

-- --------------------------------------------------------

--
-- Table structure for table `users`
--

CREATE TABLE `users` (
  `id` bigint UNSIGNED NOT NULL,
  `name` varchar(255) COLLATE utf8mb4_unicode_ci NOT NULL,
  `name_bn` varchar(255) COLLATE utf8mb4_unicode_ci DEFAULT NULL,
  `father_name` varchar(255) COLLATE utf8mb4_unicode_ci DEFAULT NULL,
  `mother_name` varchar(255) COLLATE utf8mb4_unicode_ci DEFAULT NULL,
  `dob` date DEFAULT NULL,
  `email` varchar(255) COLLATE utf8mb4_unicode_ci NOT NULL,
  `email_verified_at` timestamp NULL DEFAULT NULL,
  `password` varchar(255) COLLATE utf8mb4_unicode_ci NOT NULL,
  `address` varchar(255) COLLATE utf8mb4_unicode_ci DEFAULT NULL,
  `mobile_number` varchar(255) COLLATE utf8mb4_unicode_ci DEFAULT NULL,
  `emergency_number` varchar(255) COLLATE utf8mb4_unicode_ci DEFAULT NULL,
  `relationship_number` varchar(255) COLLATE utf8mb4_unicode_ci DEFAULT NULL,
  `driving_license` varchar(255) COLLATE utf8mb4_unicode_ci DEFAULT NULL,
  `bcs_batch` varchar(255) COLLATE utf8mb4_unicode_ci DEFAULT NULL,
  `join_date` date DEFAULT NULL,
  `permanent_date` date DEFAULT NULL,
  `permanent_doc` longtext COLLATE utf8mb4_unicode_ci,
  `department_id` int DEFAULT NULL,
  `role_id` int DEFAULT NULL,
  `designation` varchar(255) COLLATE utf8mb4_unicode_ci DEFAULT NULL,
  `start_from` date DEFAULT NULL,
  `image` varchar(255) COLLATE utf8mb4_unicode_ci DEFAULT NULL,
  `status` enum('active','inactive','block') COLLATE utf8mb4_unicode_ci NOT NULL DEFAULT 'inactive',
  `freedom_fighter` enum('yes','no') COLLATE utf8mb4_unicode_ci NOT NULL DEFAULT 'no',
  `gradation_no` varchar(255) COLLATE utf8mb4_unicode_ci DEFAULT NULL,
  `basic_salary` decimal(10,2) DEFAULT NULL,
  `country_id` int DEFAULT NULL,
  `district_id` int DEFAULT NULL,
  `birth_no` varchar(255) COLLATE utf8mb4_unicode_ci DEFAULT NULL,
  `blood_id` int DEFAULT NULL,
  `gender` enum('Male','Female','Other') COLLATE utf8mb4_unicode_ci DEFAULT NULL,
  `marital_status_id` int DEFAULT NULL,
  `religion_id` int DEFAULT NULL,
  `remember_token` varchar(100) COLLATE utf8mb4_unicode_ci DEFAULT NULL,
  `created_at` timestamp NULL DEFAULT NULL,
  `updated_at` timestamp NULL DEFAULT NULL
) ENGINE=InnoDB DEFAULT CHARSET=utf8mb4 COLLATE=utf8mb4_unicode_ci;

--
-- Dumping data for table `users`
--

INSERT INTO `users` (`id`, `name`, `name_bn`, `father_name`, `mother_name`, `dob`, `email`, `email_verified_at`, `password`, `address`, `mobile_number`, `emergency_number`, `relationship_number`, `driving_license`, `bcs_batch`, `join_date`, `permanent_date`, `permanent_doc`, `department_id`, `role_id`, `designation`, `start_from`, `image`, `status`, `freedom_fighter`, `gradation_no`, `basic_salary`, `country_id`, `district_id`, `birth_no`, `blood_id`, `gender`, `marital_status_id`, `religion_id`, `remember_token`, `created_at`, `updated_at`) VALUES
(1, 'Saiful Islam', 'সাইফুল ইসলাম', 'Abul Bashar', '', NULL, 'saiful.rana@gmail.com', NULL, '$2y$10$U.t3vj12XCV5oxdKzZthNOOwRIamC4bMPae9AjGlPm4rbAHMgU/eO', '2B, Second floor, 372-2/B, South Kafrul, Cantonment, Dhaka-1206, Dhaka , Bangladesh', '01675909939', '01916665832', NULL, NULL, '18th', '2023-11-01', '2024-01-01', 'A0hcPEBHzk71wvSdY32YQgnwwmsCixRbddeV9OHw.jpg', 1, 2, 'Software Developer', '2023-11-18', 'G4zvgyNCUhrZRnDosd3wGHs844Wfim1MkosFOy7m.jpg', 'inactive', 'no', '123456', 30000.00, NULL, NULL, NULL, NULL, 'Male', NULL, NULL, NULL, '2023-11-16 23:59:30', '2023-11-18 09:53:55');

--
-- Indexes for dumped tables
--

--
-- Indexes for table `bloods`
--
ALTER TABLE `bloods`
  ADD PRIMARY KEY (`id`);

--
-- Indexes for table `country`
--
ALTER TABLE `country`
  ADD PRIMARY KEY (`countrycode`);

--
-- Indexes for table `departments`
--
ALTER TABLE `departments`
  ADD PRIMARY KEY (`id`);

--
-- Indexes for table `districts`
--
ALTER TABLE `districts`
  ADD PRIMARY KEY (`id`),
  ADD KEY `division_id` (`division_id`);

--
-- Indexes for table `divisions`
--
ALTER TABLE `divisions`
  ADD PRIMARY KEY (`id`);

--
-- Indexes for table `failed_jobs`
--
ALTER TABLE `failed_jobs`
  ADD PRIMARY KEY (`id`),
  ADD UNIQUE KEY `failed_jobs_uuid_unique` (`uuid`);

--
-- Indexes for table `leaves`
--
ALTER TABLE `leaves`
  ADD PRIMARY KEY (`id`);

--
-- Indexes for table `maritals`
--
ALTER TABLE `maritals`
  ADD PRIMARY KEY (`id`);

--
-- Indexes for table `migrations`
--
ALTER TABLE `migrations`
  ADD PRIMARY KEY (`id`);

--
-- Indexes for table `notices`
--
ALTER TABLE `notices`
  ADD PRIMARY KEY (`id`);

--
-- Indexes for table `password_resets`
--
ALTER TABLE `password_resets`
  ADD KEY `password_resets_email_index` (`email`);

--
-- Indexes for table `password_reset_tokens`
--
ALTER TABLE `password_reset_tokens`
  ADD PRIMARY KEY (`email`);

--
-- Indexes for table `permissions`
--
ALTER TABLE `permissions`
  ADD PRIMARY KEY (`id`),
  ADD KEY `permissions_role_id_foreign` (`role_id`);

--
-- Indexes for table `personal_access_tokens`
--
ALTER TABLE `personal_access_tokens`
  ADD PRIMARY KEY (`id`),
  ADD UNIQUE KEY `personal_access_tokens_token_unique` (`token`),
  ADD KEY `personal_access_tokens_tokenable_type_tokenable_id_index` (`tokenable_type`,`tokenable_id`);

--
-- Indexes for table `religions`
--
ALTER TABLE `religions`
  ADD PRIMARY KEY (`id`);

--
-- Indexes for table `roles`
--
ALTER TABLE `roles`
  ADD PRIMARY KEY (`id`);

--
-- Indexes for table `users`
--
ALTER TABLE `users`
  ADD PRIMARY KEY (`id`),
  ADD UNIQUE KEY `users_email_unique` (`email`);

--
-- AUTO_INCREMENT for dumped tables
--

--
-- AUTO_INCREMENT for table `bloods`
--
ALTER TABLE `bloods`
  MODIFY `id` bigint UNSIGNED NOT NULL AUTO_INCREMENT, AUTO_INCREMENT=9;

--
-- AUTO_INCREMENT for table `departments`
--
ALTER TABLE `departments`
  MODIFY `id` bigint UNSIGNED NOT NULL AUTO_INCREMENT, AUTO_INCREMENT=5;

--
-- AUTO_INCREMENT for table `districts`
--
ALTER TABLE `districts`
  MODIFY `id` int NOT NULL AUTO_INCREMENT, AUTO_INCREMENT=65;

--
-- AUTO_INCREMENT for table `divisions`
--
ALTER TABLE `divisions`
  MODIFY `id` int NOT NULL AUTO_INCREMENT, AUTO_INCREMENT=9;

--
-- AUTO_INCREMENT for table `failed_jobs`
--
ALTER TABLE `failed_jobs`
  MODIFY `id` bigint UNSIGNED NOT NULL AUTO_INCREMENT;

--
-- AUTO_INCREMENT for table `leaves`
--
ALTER TABLE `leaves`
  MODIFY `id` bigint UNSIGNED NOT NULL AUTO_INCREMENT, AUTO_INCREMENT=2;

--
-- AUTO_INCREMENT for table `maritals`
--
ALTER TABLE `maritals`
  MODIFY `id` bigint UNSIGNED NOT NULL AUTO_INCREMENT, AUTO_INCREMENT=6;

--
-- AUTO_INCREMENT for table `migrations`
--
ALTER TABLE `migrations`
  MODIFY `id` int UNSIGNED NOT NULL AUTO_INCREMENT, AUTO_INCREMENT=14;

--
-- AUTO_INCREMENT for table `notices`
--
ALTER TABLE `notices`
  MODIFY `id` bigint UNSIGNED NOT NULL AUTO_INCREMENT, AUTO_INCREMENT=2;

--
-- AUTO_INCREMENT for table `permissions`
--
ALTER TABLE `permissions`
  MODIFY `id` bigint UNSIGNED NOT NULL AUTO_INCREMENT, AUTO_INCREMENT=4;

--
-- AUTO_INCREMENT for table `personal_access_tokens`
--
ALTER TABLE `personal_access_tokens`
  MODIFY `id` bigint UNSIGNED NOT NULL AUTO_INCREMENT;

--
-- AUTO_INCREMENT for table `religions`
--
ALTER TABLE `religions`
  MODIFY `id` bigint UNSIGNED NOT NULL AUTO_INCREMENT, AUTO_INCREMENT=8;

--
-- AUTO_INCREMENT for table `roles`
--
ALTER TABLE `roles`
  MODIFY `id` bigint UNSIGNED NOT NULL AUTO_INCREMENT, AUTO_INCREMENT=5;

--
-- AUTO_INCREMENT for table `users`
--
ALTER TABLE `users`
  MODIFY `id` bigint UNSIGNED NOT NULL AUTO_INCREMENT, AUTO_INCREMENT=2;

--
-- Constraints for dumped tables
--

--
-- Constraints for table `permissions`
--
ALTER TABLE `permissions`
  ADD CONSTRAINT `permissions_role_id_foreign` FOREIGN KEY (`role_id`) REFERENCES `roles` (`id`) ON DELETE CASCADE;
COMMIT;

/*!40101 SET CHARACTER_SET_CLIENT=@OLD_CHARACTER_SET_CLIENT */;
/*!40101 SET CHARACTER_SET_RESULTS=@OLD_CHARACTER_SET_RESULTS */;
/*!40101 SET COLLATION_CONNECTION=@OLD_COLLATION_CONNECTION */;
